first_name,last_name,image_link,spotify_link,yt_link,info,id,more_link
Grigoris,Bithikotsis,"https://open.spotify.com/artist/1baJfj5CCxPO9VEzlGSBLm?autoplay=true
","https://www.youtube.com/channel/UCcF9O3Qk0SnBY7Vv6J6GudA
",https://www.youtube.com/channel/UCcF9O3Qk0SnBY7Vv6J6GudA,,singer,
Themis,Adamantidis,"https://raw.githubusercontent.com/KonstantinosMandroukas/meet_greek_artist_pics/main/adamantidis.jpg
","https://open.spotify.com/artist/5HYu4OrohE4gwR7IlHpbt8
","https://www.youtube.com/channel/UCiH9ooAZZMKaRlSXSscF5ow
",,singer,
Ivi,Adamou,"https://raw.githubusercontent.com/KonstantinosMandroukas/meet_greek_artist_pics/main/adamou.jpg
","https://open.spotify.com/artist/2arQ0lfcNGLrJOHoJksWOw
","https://www.youtube.com/channel/UCiLz1zI_iOZ7U4Qag_TpjNg
",,singer,
Argiris,Aggelou,https://raw.githubusercontent.com/KonstantinosMandroukas/meet_greek_artist_pics/main/aggelou.jpg,,,,actor,
Alekos,Alexandrakis,https://raw.githubusercontent.com/KonstantinosMandroukas/meet_greek_artist_pics/main/alexandrakis.jpg,,,,actor,
Haris,Alexiou,"https://raw.githubusercontent.com/KonstantinosMandroukas/meet_greek_artist_pics/main/alexiou.jpg
","https://open.spotify.com/artist/4cgCxnsmy9kDcl3oA2BYRY
","https://www.youtube.com/@harisalexiou
",,singer,
Antonis,Antoniou,https://raw.githubusercontent.com/KonstantinosMandroukas/meet_greek_artist_pics/main/antoniou.jpg,,,,actor,
Alexandros,Antonopoulos,https://raw.githubusercontent.com/KonstantinosMandroukas/meet_greek_artist_pics/main/antonopoulos.jpg,,,,actor,
Konstantinos,Argiros,"https://raw.githubusercontent.com/KonstantinosMandroukas/meet_greek_artist_pics/main/argiros.jpg
","https://open.spotify.com/artist/5YquORfLTx6nWMlBzJstx7
","https://www.youtube.com/@ArgirosTv
",,singer,
Bessy,Argyraki,"https://raw.githubusercontent.com/KonstantinosMandroukas/meet_greek_artist_pics/main/argyraki.jpg
","https://open.spotify.com/artist/5DTwDoKhFUfYkBNuM3ipTq
","https://www.youtube.com/channel/UC7q1y87wbNTxQlCIvC71_rA
",,singer,
Mairi,Aroni,https://raw.githubusercontent.com/KonstantinosMandroukas/meet_greek_artist_pics/main/aroni.jpg,,,,actor,
Eleftheria,Arvanitaki,"https://raw.githubusercontent.com/KonstantinosMandroukas/meet_greek_artist_pics/main/arvanitaki.jpg
","https://open.spotify.com/artist/4wfucl2s2farNOAmxZAVTC
","https://www.youtube.com/channel/UCIbWLE6v5CrboShvX8PrOnw
",,singer,
Melina,Aslanidou,"https://raw.githubusercontent.com/KonstantinosMandroukas/meet_greek_artist_pics/main/aslanidou.jpg
","https://open.spotify.com/artist/0q6umZk2e14mheMLEQLFCJ
","https://www.youtube.com/channel/UCMuxjZloXeqrq_wNggzt94g
",,singer,
Thodoris,Atheridis,https://raw.githubusercontent.com/KonstantinosMandroukas/meet_greek_artist_pics/main/atheridis.jpg,,,,actor,
Vasilis,Avlonitis,https://raw.githubusercontent.com/KonstantinosMandroukas/meet_greek_artist_pics/main/avlonitis.jpg,,,,actor,
Andreas,Barkoulis,https://raw.githubusercontent.com/KonstantinosMandroukas/meet_greek_artist_pics/main/barkoulis.jpg,,,,actor,
Giannis,Bezos,https://raw.githubusercontent.com/KonstantinosMandroukas/meet_greek_artist_pics/main/bezos.jpg,,,,actor,
Natassa,Bofiliou,"https://raw.githubusercontent.com/KonstantinosMandroukas/meet_greek_artist_pics/main/bofiliou.jpg
","https://open.spotify.com/artist/3ujPrFnLXVgRRelOhW1E2t
","https://www.youtube.com/@NatassaBofiliouOfficial
",,singer,
Kostas,Chatzichristos,https://raw.githubusercontent.com/KonstantinosMandroukas/meet_greek_artist_pics/main/chatzichristos.jpg,,,,actor,
Dimitris,Chorn,https://raw.githubusercontent.com/KonstantinosMandroukas/meet_greek_artist_pics/main/chorn.jpg,,,,actor,
Giorgos,Dalaras,"https://raw.githubusercontent.com/KonstantinosMandroukas/meet_greek_artist_pics/main/dalaras.jpg
","https://open.spotify.com/artist/0eLU3EgFDZOFgd2Dwalfwo
","https://www.youtube.com/channel/UCGhuEp28dWW0emPnc0ag1fw
",,singer,
Litsa,Diamanti,"https://raw.githubusercontent.com/KonstantinosMandroukas/meet_greek_artist_pics/main/diamanti.jpg
","https://open.spotify.com/artist/4ZVlnsWbTKXoTcP2CbGHZ6?autoplay=true
","https://www.youtube.com/channel/UCw6JWpKAWTEe5Ne71Dd4lKg
",,singer,
Atzela,Dimitriou,"https://raw.githubusercontent.com/KonstantinosMandroukas/meet_greek_artist_pics/main/dimitriou.jpg
","https://open.spotify.com/artist/7xySz9OyEWxKC6RyDlo256?autoplay=true
","https://www.youtube.com/channel/UC1bijjTbXrLfeKeoEJzVCmA
",,singer,
Stratos,Dionisiou,"https://raw.githubusercontent.com/KonstantinosMandroukas/meet_greek_artist_pics/main/dionisiou.jpg
","https://open.spotify.com/artist/0xVhbm22AMG0DhCE2MUQBP
","https://www.youtube.com/channel/UCnICDm5RyHaNRKXjmp2ul6g
",,singer,
Giannis,Drakopoulos,https://raw.githubusercontent.com/KonstantinosMandroukas/meet_greek_artist_pics/main/drakopoulos.jpg,,,,actor,
Tzois,Evoidi,https://raw.githubusercontent.com/KonstantinosMandroukas/meet_greek_artist_pics/main/evoidi.jpg,,,,actor,
Maria,Farantouri,"https://raw.githubusercontent.com/KonstantinosMandroukas/meet_greek_artist_pics/main/farantouri.jpg
","https://open.spotify.com/artist/72gzCdzXViRDopHWPPcG9M
","https://www.youtube.com/channel/UCFKOUASaflpBD7MQFXyj0UQ
",,singer,
Stamatis,Fasoulis,https://raw.githubusercontent.com/KonstantinosMandroukas/meet_greek_artist_pics/main/fasoulis.jpg,,,,actor,
Mimis,Fotopoulos,https://raw.githubusercontent.com/KonstantinosMandroukas/meet_greek_artist_pics/main/fotopoulos.jpg,,,,actor,
Eleni,Foureira,"https://raw.githubusercontent.com/KonstantinosMandroukas/meet_greek_artist_pics/main/foureira.jpg
","https://open.spotify.com/artist/39E15l8zeCDYpSZwFNX4G2
","https://www.youtube.com/channel/UCuxSBNJZLvBvkTgYlr_0Ulw
",,singer,
Dimitra,Galani,"https://raw.githubusercontent.com/KonstantinosMandroukas/meet_greek_artist_pics/main/galani.jpg
","https://open.spotify.com/artist/3nV0kq59WJOJRLNWpFR1m6
","https://www.youtube.com/@dimitragalani4039
",,singer,
Kaiti,Garbi,"https://raw.githubusercontent.com/KonstantinosMandroukas/meet_greek_artist_pics/main/garbi.jpg
","https://open.spotify.com/artist/6EdXBTjIDwu5aYv4U3K8TI
","https://www.youtube.com/channel/UCYnaJ8e91YzMzvka02EtU4Q
",,singer,
Katerina,Geronikolou,https://raw.githubusercontent.com/KonstantinosMandroukas/meet_greek_artist_pics/main/geronikolou.jpg,,,,actor,
Tasos,Giannopoulos,https://raw.githubusercontent.com/KonstantinosMandroukas/meet_greek_artist_pics/main/giannopoulos.jpg,,,,actor,
Glykeria,,"https://raw.githubusercontent.com/KonstantinosMandroukas/meet_greek_artist_pics/main/glykeria.jpg
","https://open.spotify.com/artist/0GBKwLQdkZ6tml0ssOSQ4f?autoplay=true
","https://www.youtube.com/channel/UCtfNlecMwydpGg3IP9qLgYQ
",,singer,
Stamatis,Gonidis,"https://raw.githubusercontent.com/KonstantinosMandroukas/meet_greek_artist_pics/main/gonidis.jpg
","https://open.spotify.com/artist/5By2qsuXvDrrlvRfyy6Kyk
","https://www.youtube.com/channel/UCnLHgW2keFD1SlKgQlKyiGQ
",,singer,
Manos,Hadjidakis,"https://raw.githubusercontent.com/KonstantinosMandroukas/meet_greek_artist_pics/main/hadjidakis.jpg
","https://open.spotify.com/artist/4epy8uB6icBmTU3VoMwVzG
","https://www.youtube.com/channel/UCXqeEcPYqPUHAi3AvSlh3bg
",,singer,
Michalis,Hatzigiannis,"https://raw.githubusercontent.com/KonstantinosMandroukas/meet_greek_artist_pics/main/hatzigiannis.jpg
","https://open.spotify.com/artist/77YRvt1TuxpCmW4Ydrx69A
","https://www.youtube.com/channel/UCu7VTXaCPuk-0tzbpXQeprw
",,singer,
Hmiskoubria,,"https://raw.githubusercontent.com/KonstantinosMandroukas/meet_greek_artist_pics/main/hmiskoubria.jpg
","https://open.spotify.com/artist/5A4ExW2nMBFRy2JDoYUcUE?autoplay=true
","https://www.youtube.com/channel/UCUdfr3SXb8XGyO_xGTpJahw
",,singer,
Meletis,Ilias,https://raw.githubusercontent.com/KonstantinosMandroukas/meet_greek_artist_pics/main/ilias.jpg,,,,actor,
Dinos,Iliopoulos,https://raw.githubusercontent.com/KonstantinosMandroukas/meet_greek_artist_pics/main/iliopoulos.jpg,,,,actor,
Vaggelis,Kakouriotis,"https://raw.githubusercontent.com/KonstantinosMandroukas/meet_greek_artist_pics/main/kakouriotis.jpg
","https://open.spotify.com/artist/3N8sYD5TZzxCuMqi2czGyA
","https://www.youtube.com/channel/UCg0ZTdXW_uhuHcJ12tZAHBA
",,singer,
Giannis,Kalatzis,"https://raw.githubusercontent.com/KonstantinosMandroukas/meet_greek_artist_pics/main/kalatzis.jpg
","https://open.spotify.com/artist/5rRlEHRXIXhMaFrnzeysmQ?autoplay=true
","https://www.youtube.com/channel/UCZ6gmXkDfaUJe_9mgVa9xrQ
",,singer,
Dimitris,Kalivokas,https://raw.githubusercontent.com/KonstantinosMandroukas/meet_greek_artist_pics/main/kalivokas.jpg,,,,actor,
Giorgos,Kapoutzidis,https://raw.githubusercontent.com/KonstantinosMandroukas/meet_greek_artist_pics/main/kapoutzidis.jpg,,,,actor,
Tzeni,Karezi,https://raw.githubusercontent.com/KonstantinosMandroukas/meet_greek_artist_pics/main/karezi.jpg,,,,actor,
Smaragda,Karidi,https://raw.githubusercontent.com/KonstantinosMandroukas/meet_greek_artist_pics/main/karidi.jpg,,,,actor,
Vassilis,Karras,"https://raw.githubusercontent.com/KonstantinosMandroukas/meet_greek_artist_pics/main/karras.jpg
","https://open.spotify.com/artist/4P4cATtI7ozt4k4oKho4uz
","https://www.youtube.com/@karrasvevo7104/featured
",,singer,
Alelfoi,Katsimicha,"https://raw.githubusercontent.com/KonstantinosMandroukas/meet_greek_artist_pics/main/katsimicha.jpg
","https://open.spotify.com/artist/2OVFX90h8lDzPZ5L5Mu0Vz?autoplay=true
","https://www.youtube.com/channel/UCndx9WyAiMmCWOegs8ate8Q
",,singer,
Maria,Kavogianni,https://raw.githubusercontent.com/KonstantinosMandroukas/meet_greek_artist_pics/main/kavogianni.jpg,,,,actor,
Panos,Kiamos,"https://raw.githubusercontent.com/KonstantinosMandroukas/meet_greek_artist_pics/main/kiamos.jpg
","https://open.spotify.com/artist/2EsTolBYIEICM1kx7MGluy
","https://www.youtube.com/@PanosKiamosOfficial
",,singer,
Vladimiros,Kiriakidis,https://raw.githubusercontent.com/KonstantinosMandroukas/meet_greek_artist_pics/main/kiriakidis.jpg,,,,actor,
Klavdia,,"https://raw.githubusercontent.com/KonstantinosMandroukas/meet_greek_artist_pics/main/klavdia.jpg
","https://open.spotify.com/artist/4JRInaGyykK9dRIaymPxJq
","https://www.youtube.com/channel/UC3yDdZ7Qxy2ZyyKXTuotvvg
",,singer,
Eleni,Kokkidou,https://raw.githubusercontent.com/KonstantinosMandroukas/meet_greek_artist_pics/main/kokkidou.jpg,,,,actor,
Elli,Kokkinou,"https://raw.githubusercontent.com/KonstantinosMandroukas/meet_greek_artist_pics/main/kokkinou.jpg
","https://open.spotify.com/artist/3dHMnH9LXTSuhfdcWfjnoc
","https://www.youtube.com/channel/UCUlIDkBWNcmxywkVqtSFDIw
",,singer,
Kostas,Koklas,https://raw.githubusercontent.com/KonstantinosMandroukas/meet_greek_artist_pics/main/koklas.jpg,,,,actor,
Stamatis,Kokotas,"https://raw.githubusercontent.com/KonstantinosMandroukas/meet_greek_artist_pics/main/kokotas.jpg
","https://open.spotify.com/artist/6RTaV5nZWyOxWWHkvDlrV4?autoplay=true
","https://www.youtube.com/channel/UCXTWDGjwhQsfRYz-ceqdFeQ
",,singer,
Elisavet,Konstantinidou,https://raw.githubusercontent.com/KonstantinosMandroukas/meet_greek_artist_pics/main/konstantinidou.jpg,,,,actor,
Giorgos,Konstantinou,https://raw.githubusercontent.com/KonstantinosMandroukas/meet_greek_artist_pics/main/konstantinou.jpg,,,,actor,
Maro,Kontou,https://raw.githubusercontent.com/KonstantinosMandroukas/meet_greek_artist_pics/main/kontou.jpg,,,,actor,
Labros,Kostantaras,https://raw.githubusercontent.com/KonstantinosMandroukas/meet_greek_artist_pics/main/kostantaras.jpg,,,,actor,
Giannis,Kotsiras,"https://raw.githubusercontent.com/KonstantinosMandroukas/meet_greek_artist_pics/main/kotsiras.jpg
","https://open.spotify.com/artist/6waWR57xXsgtWztHX1v8TB
","https://www.youtube.com/@YannisKotsiras
",,singer,
Alina,Kotsovoulou,https://raw.githubusercontent.com/KonstantinosMandroukas/meet_greek_artist_pics/main/kotsovoulou.jpg,,,,actor,
Eirini,Koumarianou,https://raw.githubusercontent.com/KonstantinosMandroukas/meet_greek_artist_pics/main/koumarianou.jpg,,,,actor,
Nikos,Kourkoulos,https://raw.githubusercontent.com/KonstantinosMandroukas/meet_greek_artist_pics/main/kourkoulos.jpg,,,,actor,
Stamatis,Kraounakis,"https://raw.githubusercontent.com/KonstantinosMandroukas/meet_greek_artist_pics/main/kraounakis.jpg
","http://open.spotify.com/artist/4i1Ok9sZW1HyK0hQJJRKaK
","https://www.youtube.com/channel/UC-AFq8CJy5Qdu4f8ieHgjiw
",,singer,
Eleni,Krita,https://raw.githubusercontent.com/KonstantinosMandroukas/meet_greek_artist_pics/main/krita.jpg,,,,actor,
Elli,Lampeti,https://raw.githubusercontent.com/KonstantinosMandroukas/meet_greek_artist_pics/main/lampeti.jpg,,,,actor,
Aggeliki,Lampri,https://raw.githubusercontent.com/KonstantinosMandroukas/meet_greek_artist_pics/main/lampri.jpg,,,,actor,
Vaso,Laskariaki,https://raw.githubusercontent.com/KonstantinosMandroukas/meet_greek_artist_pics/main/laskaraki.jpg,,,,actor,
Katerina,Lechou,https://raw.githubusercontent.com/KonstantinosMandroukas/meet_greek_artist_pics/main/lechou.jpg,,,,actor,
Vasilis,Logothetidis,https://raw.githubusercontent.com/KonstantinosMandroukas/meet_greek_artist_pics/main/logothetidis.jpg,,,,actor,
Manos,Loizos,"https://raw.githubusercontent.com/KonstantinosMandroukas/meet_greek_artist_pics/main/loizos.jpg
","https://open.spotify.com/artist/3xFDHACooUWcJ6FP4tsCp4
","https://www.youtube.com/channel/UCwr_l9Tepil-14MbbNg8sWA
",,singer,
Antonis,Loudaros,https://raw.githubusercontent.com/KonstantinosMandroukas/meet_greek_artist_pics/main/loudaros.jpg,,,,actor,
Renia,Louizidou,https://raw.githubusercontent.com/KonstantinosMandroukas/meet_greek_artist_pics/main/louizidou.jpg,,,,actor,
Lavrentis,Machairitsas,"https://raw.githubusercontent.com/KonstantinosMandroukas/meet_greek_artist_pics/main/machairitsas.jpg
","https://open.spotify.com/artist/5z7uDSNrMNmtg7eikmaaau
","https://www.youtube.com/channel/UC-FqzNrTku79p-WKcljx1Rw
",,singer,
Orestis,Makris,https://raw.githubusercontent.com/KonstantinosMandroukas/meet_greek_artist_pics/main/makris.jpg,,,,actor,
Hro,Mane,https://raw.githubusercontent.com/KonstantinosMandroukas/meet_greek_artist_pics/main/mane.jpg,,,,actor,
Kostis,Maraveyas,"https://raw.githubusercontent.com/KonstantinosMandroukas/meet_greek_artist_pics/main/maraveyas.jpg
","https://open.spotify.com/artist/5PBgnkHTjFwVM3eAhmh2EU
","https://www.youtube.com/@maraveyas
",,singer,
Marinella,,"https://raw.githubusercontent.com/KonstantinosMandroukas/meet_greek_artist_pics/main/marinella.jpg
","https://open.spotify.com/artist/4u5yrM5jlC3iviSQQXcMCK?autoplay=true
","https://www.youtube.com/channel/UCy7NM5w7EHysVGnfMYH2YYA
",,singer,
Giorgos,Mazonakis,"https://raw.githubusercontent.com/KonstantinosMandroukas/meet_greek_artist_pics/main/mazonakis.jpg
","https://open.spotify.com/artist/1gyBRbQACz4JJX2HRROigK
","https://www.youtube.com/@GiorgosMazonakisOfficial
",,singer,
Melisses,,"https://raw.githubusercontent.com/KonstantinosMandroukas/meet_greek_artist_pics/main/melisses.jpg
","https://open.spotify.com/artist/2ra3quFhImLyv0c9XTnWFl
","https://www.youtube.com/@melissestheband
",,singer,
Melina,Merkouri,https://raw.githubusercontent.com/KonstantinosMandroukas/meet_greek_artist_pics/main/merkouri.jpg,,,,actor,
Dimitris,Mitropanos,"https://raw.githubusercontent.com/KonstantinosMandroukas/meet_greek_artist_pics/main/mitropanos.jpg
","https://open.spotify.com/artist/3xqrfI4xL7FnBawAoiOTxe
","https://www.youtube.com/channel/UC2WFH_KzuB5Gd7Jgrfq8zow
",,singer,
Manolis,Mitsias,"https://raw.githubusercontent.com/KonstantinosMandroukas/meet_greek_artist_pics/main/mitsias.jpg
","https://open.spotify.com/artist/0iPmB3x32r1vp0nL4gsjMo?autoplay=true
","https://open.spotify.com/artist/0iPmB3x32r1vp0nL4gsjMo?autoplay=true
",,singer,
Viki,Mosholiou,"https://raw.githubusercontent.com/KonstantinosMandroukas/meet_greek_artist_pics/main/mosholiou.jpg
","https://open.spotify.com/artist/6X3GXU22qFQc0cbevQ03Cm
","https://www.youtube.com/channel/UC7dD6UEeBAP-mKUfYSDJxxg
",,singer,
Panos,Mouzourakis,"https://raw.githubusercontent.com/KonstantinosMandroukas/meet_greek_artist_pics/main/mouzourakis.jpg
","https://open.spotify.com/artist/7byYRTzcmi0J2EnoVgvNyt
","https://www.youtube.com/@PanosMouzourakis
",,singer,
Nikos,Oikonomopoulos,"https://raw.githubusercontent.com/KonstantinosMandroukas/meet_greek_artist_pics/main/oikonomopoulos.jpg
","https://open.spotify.com/artist/1MicVtcHS3vuNVCrd1un7s
","https://www.youtube.com/@Nikos_Oikonomopoulos
",,singer,
Pavlos,Orkopoulos,https://raw.githubusercontent.com/KonstantinosMandroukas/meet_greek_artist_pics/main/orkopoulos.jpg,,,,actor,
Anna,Panagiotopoulou,https://raw.githubusercontent.com/KonstantinosMandroukas/meet_greek_artist_pics/main/panagiotopoulou.jpg,,,,actor,
Lefteris,Pantazis,"https://raw.githubusercontent.com/KonstantinosMandroukas/meet_greek_artist_pics/main/pantazis.jpg
","https://open.spotify.com/artist/5ZCCZxsnf0NCy3LBpPtH9Q
","https://www.youtube.com/channel/UCt7kbHCaZS3fyKeAcURKzkA
",,singer,
Dionisys,Papagiannopoulos,https://raw.githubusercontent.com/KonstantinosMandroukas/meet_greek_artist_pics/main/papagiannopoulos.jpg,,,,actor,
Christoforos,Papakaliatis,https://raw.githubusercontent.com/KonstantinosMandroukas/meet_greek_artist_pics/main/papakaliatis.jpg,,,,actor,
Vassilis,Papakonstantinou,"https://raw.githubusercontent.com/KonstantinosMandroukas/meet_greek_artist_pics/main/papakonstantinou-vassilis.jpg
","https://open.spotify.com/artist/6QO0eQd1MX0UrX582zWYcN
","https://www.youtube.com/@Vasilis_Papakonstantinou
",,singer,
Mirka,Papakonstantinou,https://raw.githubusercontent.com/KonstantinosMandroukas/meet_greek_artist_pics/main/papakonstantinou.jpg,,,,actor,
Dimitris,Papamichael,https://raw.githubusercontent.com/KonstantinosMandroukas/meet_greek_artist_pics/main/papamichael.jpg,,,,actor,
Elena,Paparizou,"https://raw.githubusercontent.com/KonstantinosMandroukas/meet_greek_artist_pics/main/paparizou.jpg
","https://open.spotify.com/artist/3i37rLqZ3Bvk6gdEOOzXKz
","https://www.youtube.com/channel/UC-fISqlTEQCDGfaqmze7Z7Q
",,singer,
Efi,Papatheodorou,https://raw.githubusercontent.com/KonstantinosMandroukas/meet_greek_artist_pics/main/papatheodorou.jpg,,,,actor,
Paschalis,,"https://raw.githubusercontent.com/KonstantinosMandroukas/meet_greek_artist_pics/main/paschalis.jpg
","https://open.spotify.com/artist/4ZoGVZXeY1vUK0pgnOOB2Na
","https://www.youtube.com/channel/UCUt0aCT-BJ8yJ9C78V0sEYw
",,singer,
Giannis,Ploutarchos,"https://raw.githubusercontent.com/KonstantinosMandroukas/meet_greek_artist_pics/main/ploutarchos.jpg
","https://open.spotify.com/artist/152y903Cqyk9GVl6amOtuD
","https://www.youtube.com/@GiannisPloutarchos
",,singer,
Giannis,Poulopoulos,"https://raw.githubusercontent.com/KonstantinosMandroukas/meet_greek_artist_pics/main/poulopoulos.jpg
","https://open.spotify.com/artist/5dXxT7IN0PJRpdWCxiCYfC
","https://www.youtube.com/channel/UCXRKvTyNrhJx1Jk0OIZw2TQ
",,singer,
Alkistis,Protopsalti,"https://raw.githubusercontent.com/KonstantinosMandroukas/meet_greek_artist_pics/main/protopsalti.jpg
","https://open.spotify.com/artist/514w90CKIw9w84Zh3NSNyA
","https://www.youtube.com/@Alkistis_Protopsalti
",,singer,
Eleni,Rantou,https://raw.githubusercontent.com/KonstantinosMandroukas/meet_greek_artist_pics/main/rantou.jpg,,,,actor,
Antonis,Remos,"https://raw.githubusercontent.com/KonstantinosMandroukas/meet_greek_artist_pics/main/remos.jpg
","https://open.spotify.com/artist/6s26Q38Zqc4hY3xe7jrEBG
","https://www.youtube.com/channel/UCYd3dJRYX0XG6nzvPFNTuSg
",,singer,
Michalis,Reppas,https://raw.githubusercontent.com/KonstantinosMandroukas/meet_greek_artist_pics/main/reppas.jpg,,,,actor,
Nikos,Rizos,https://raw.githubusercontent.com/KonstantinosMandroukas/meet_greek_artist_pics/main/rizos.jpg,,,,actor,
Stelios,Rokkos,"https://raw.githubusercontent.com/KonstantinosMandroukas/meet_greek_artist_pics/main/rokkos.jpg
","https://open.spotify.com/artist/01GDS9NmGwhzHm2VjbZFcG
","https://www.youtube.com/channel/UCJGCnBgcfzZkHvnIJpbGPsw
",,singer,
Haris,Romas,https://raw.githubusercontent.com/KonstantinosMandroukas/meet_greek_artist_pics/main/romas.jpg,,,,actor,"https://www.more.com/gr-el/artists/harisromas/
"
Sakis,Rouvas,"https://raw.githubusercontent.com/KonstantinosMandroukas/meet_greek_artist_pics/main/rouvas.jpg
","https://open.spotify.com/artist/0VuyN0xzSqykiDB2MxihTe
","https://www.youtube.com/@SakisRouvas
","Born and raised in the island of Corfu, Sakis Rouvas started his music career in 1991, at the Thessaloniki Song Festival. 
Since then, he has steadily been at the top of the Greek music scene and show-biz with numerous distinctions among different fields, 
as he has received the Best New Singer, Best Song and the “Karolos Koun” Award for Best Stage Performance, 
as well as many other national and international awards.
His multitalented personality has been demonstrated through his leading roles in cinema, ancient drama and Hollywood movies, 
as well as through his participation in popular TV shows and large-scale events, including the 2004 Athens Olympics Closing Ceremony and the 
Eurovision Song Contest, 
where he successfully represented Greece in 2004 and 2009. 
Parallel to his career, Sakis has participated in several initiatives that aim to raise awareness for the protection of the environment 
and has demonstrated a long-term commitment to supporting children in need, while being himself a caring father of four.",singer,
Giorgos,Sabanis,"https://raw.githubusercontent.com/KonstantinosMandroukas/meet_greek_artist_pics/main/sabanis.jpg
","https://open.spotify.com/artist/6ZGwdAmu91r8mpA6SXodzd
","https://www.youtube.com/channel/UCy_gdJqlcwkSicMyOyCuf1Q
",,singer,
Marina,Satti,"https://raw.githubusercontent.com/KonstantinosMandroukas/meet_greek_artist_pics/main/satti.jpg
","https://open.spotify.com/artist/2W4apaxME2OLw8qqhZK7aJ
","https://www.youtube.com/@marina_satti
",,singer,
Dionysis,Savvopoulos,"https://raw.githubusercontent.com/KonstantinosMandroukas/meet_greek_artist_pics/main/savvopoulos.jpg
","https://open.spotify.com/artist/1QZ7r36PUiIEvT05v1kKt1?autoplay=true
","https://www.youtube.com/@dionysis.savvopoulos
",,singer,
Markos,Seferlis,https://raw.githubusercontent.com/KonstantinosMandroukas/meet_greek_artist_pics/main/seferlis.jpg,,,,actor,"https://www.more.com/gr-el/artists/markosseferlis/
"
Notis,Sfakianakis,"https://raw.githubusercontent.com/KonstantinosMandroukas/meet_greek_artist_pics/main/sfakianakis.jpg
","https://open.spotify.com/artist/31ID15xoalmnSgwPhHJZrR
","https://www.youtube.com/channel/UC3TCZbpudv5Jqj40eAW7pmA
",,singer,
Marina,Spanou,"https://raw.githubusercontent.com/KonstantinosMandroukas/meet_greek_artist_pics/main/spanou.jpg
","https://open.spotify.com/artist/3CHVx21sE8rj1BnqRHukdz
","https://www.youtube.com/@marinaspanou
",,singer,
Stavento,,"https://raw.githubusercontent.com/KonstantinosMandroukas/meet_greek_artist_pics/main/stavento.jpg
","https://open.spotify.com/artist/43LNzVQi3AUDm6NGSlg4BK
","https://www.youtube.com/@StaventoTv
",,singer,
Nikos,Stavridis,https://raw.githubusercontent.com/KonstantinosMandroukas/meet_greek_artist_pics/main/stavridis.jpg,,,,actor,
Viki,Stavropoulou,https://raw.githubusercontent.com/KonstantinosMandroukas/meet_greek_artist_pics/main/stavropoulou.jpg,,,,actor,
Dionisis,Sxoinas,"https://raw.githubusercontent.com/KonstantinosMandroukas/meet_greek_artist_pics/main/sxoinas.jpg
","https://open.spotify.com/artist/6FffkdwR4hVKiG143YFJPb?autoplay=true
","https://www.youtube.com/channel/UCjXHViqRN8MfQDWN21movXA
",,singer,
Tamta,,"https://raw.githubusercontent.com/KonstantinosMandroukas/meet_greek_artist_pics/main/tamta.jpg
","https://open.spotify.com/artist/0VGybH10ziMPo99SYOwMoQ
","https://www.youtube.com/@tamtaofficial
",,singer,
Paschalis,Terzis,"https://raw.githubusercontent.com/KonstantinosMandroukas/meet_greek_artist_pics/main/terzis.jpg
","https://open.spotify.com/artist/1va4ozW68yYx2bjxzk29gs
","https://www.youtube.com/channel/UCzhGph1DxpS3ZWZMl5JDRRQ
",,singer,
Mikis,Theodorakis,"https://raw.githubusercontent.com/KonstantinosMandroukas/meet_greek_artist_pics/main/theodorakis.jpg
","https://open.spotify.com/artist/58EvYFzDGAQOmBpIOxujnj
","https://www.youtube.com/channel/UCviFoumTGvTWWeP0auM7fuA
",,singer,
Natassa,Theodoridou,"https://raw.githubusercontent.com/KonstantinosMandroukas/meet_greek_artist_pics/main/theodoridou.jpg
","https://open.spotify.com/artist/4hw4chBwI0fvJltPiQxPPD
","https://www.youtube.com/@natasatheodoridouofficial
",,singer,
Thanasis,Tsaltabasis,https://raw.githubusercontent.com/KonstantinosMandroukas/meet_greek_artist_pics/main/tsaltabasis.jpg,,,,actor,
Giannis,Tsimitselis,https://raw.githubusercontent.com/KonstantinosMandroukas/meet_greek_artist_pics/main/tsimitselis.jpg,,,,actor,
Nora,Valsami,https://raw.githubusercontent.com/KonstantinosMandroukas/meet_greek_artist_pics/main/valsami.jpg,,,,actor,
Despoina,Vandi,"https://raw.githubusercontent.com/KonstantinosMandroukas/meet_greek_artist_pics/main/vandi.jpg
","https://open.spotify.com/artist/4aJpTCLUTPTeXfn3c9r9F0
","https://www.youtube.com/@despinavandiofficial
",,singer,
Georgia,Vasiliadou,https://raw.githubusercontent.com/KonstantinosMandroukas/meet_greek_artist_pics/main/vasiliadou.jpg,,,,actor,
Thanasis,Veggos,https://raw.githubusercontent.com/KonstantinosMandroukas/meet_greek_artist_pics/main/veggos.jpg,,,,actor,
Nikos,Vertis,"https://raw.githubusercontent.com/KonstantinosMandroukas/meet_greek_artist_pics/main/vertis.jpg
","https://open.spotify.com/artist/6BOprAXvUTWZjImX2dFdEa
","https://www.youtube.com/@NikosVertisOfficial
",,singer,
Anna,Vissi,"https://raw.githubusercontent.com/KonstantinosMandroukas/meet_greek_artist_pics/main/vissi.jpg
","https://open.spotify.com/artist/3qg78GGGWP04yTv0ZQMsXl
","https://www.youtube.com/channel/UCxupMjsro8yF1nH01WSjLgg
",,singer,
Tolis,Voskopoulos,"https://raw.githubusercontent.com/KonstantinosMandroukas/meet_greek_artist_pics/main/voskopoulos.jpg
","https://open.spotify.com/artist/1mZFVxRgAeVl9xKES2z0vp?autoplay=true
","https://www.youtube.com/channel/UC6cQHl0Itl11689QTUx_KgQ
",,singer,
Aliki,Vougiouklaki,https://raw.githubusercontent.com/KonstantinosMandroukas/meet_greek_artist_pics/main/vougiouklaki.jpg,,,,actor,
Kostas,Voutsas,https://raw.githubusercontent.com/KonstantinosMandroukas/meet_greek_artist_pics/main/voutsas.jpg,,,,actor,
Melpo,Zarokosta,https://raw.githubusercontent.com/KonstantinosMandroukas/meet_greek_artist_pics/main/zarokosta.jpg,,,,actor,